{
    "schema_version": {
        "major": "1",
        "minor": "0",
        "patch": "0"
    },
    "aie_metadata": {
        "graphs": {
            "graph0": {
                "id": 0,
                "name": "clipgraph",
                "pl_kernel_instance_names": []
            }
        },
        "RTPs": {},
        "GMIOs": {},
        "PLIOs": {
            "plio0": {
                "id": 0,
                "name": "clipgraph.in",
                "logical_name": "DataIn1"
            },
            "plio1": {
                "id": 1,
                "name": "clipgraph.out",
                "logical_name": "DataOut1"
            }
        }
    }
}